id,blank
000a68e46c,0
00329dc15c,0
007c7c7dcf,0
00a052d822,0
00a9b78f49,0
00b68675b4,0
00bbed5966,0
00cde1fc96,0
00eea9cc56,0
010452a624,0
01166ff99c,0
0129200dc4,0
012daf4256,0
013259c337,0
014681457b,0
01694e04e2,0
01721bbf24,0
01914d82ca,0
01c5af2643,0
01ee06523b,0
01f5dedbf0,0
020b586ddf,0
0227a27435,0
023350c4e2,0
024a6d0c47,0
02658f5ae3,0
02677351df,0
02782eb6f2,0
02910e3652,0
02b0a55486,0
02b2e006c8,0
02b705b112,0
02caed72b7,0
02d63087cc,0
031709c0fa,0
034aaba5a3,0
034f55162e,0
0352ae7ea3,0
03948bcdc9,0
03b1288247,0
03b2e0b652,0
03b4f1dc2a,0
03c7e68cbb,0
03cf2a80bc,0
03d1a4e518,0
04300886c1,0
0433c39f5d,0
0443387784,0
04614bf5ac,0
0470c449ca,0
0470d6aba4,0
04893c47bb,0
048ced84d2,0
04a5bb16d7,0
04a60b7e45,0
04cbf52244,0
04e5ecfbde,0
04ff5c14f7,0
050da9c564,0
050f3600c1,0
05163a6e41,0
0540ea22cd,0
0557701ace,0
0568930a95,0
0570579cc9,0
059ae59b4f,0
05bb19ebcd,0
05c164b212,0
05e47b3be5,0
05e7f129ee,0
060cfb2d18,0
06403b80fa,0
064b4962e9,0
06665f87d0,0
06814a8ba4,0
069c7fbb03,0
06df6aa4bb,0
06ef1122ec,0
070a913f3e,0
0712535c2b,0
07424fb781,0
074535c849,0
0775d2543e,0
0794347c0c,0
07b06234e7,0
07d9da93c6,0
07e73a3201,0
082041a8eb,0
0823abbc29,0
082908c425,0
082cb33f51,0
084a5e8648,0
0860568fe5,0
086df8ab93,0
08e529fbea,0
090075ab14,0
0929430755,0
092a81dc1c,0
095473ab35,0
0958fdc7bf,0
0965a4cfdf,0
09ee30a08d,0
09f5a0410c,0
09ff67448c,0
0a6605d064,0
0a75bbbb74,0
0a9fc67f17,0
0aa49c1f5b,0
0aada349b6,0
0ab06437bc,0
0af4a2ad0b,0
0afc8c6d3f,0
0b03165d15,0
0b64e69d0e,0
0c06b7f8b4,0
0c16d79223,0
0c59da2eea,0
0c7631165a,0
0c82e01a9f,0
0ca07a2b06,0
0cd4ad5bae,0
0ce88ce9c7,0
0cf4d64a89,0
0cfc3f08a5,0
0d10332602,0
0d15b3011a,0
0d1aaab6b8,0
0d2789f1a0,0
0d3eb7681c,0
0d4038338b,0
0d7993b61d,0
0d9f17158f,0
0daa48f5a1,0
0dbed4dcf2,0
0dd7241a30,0
0de7c509cc,0
0dfe2971d0,0
0e04f3f709,0
0e102a8da9,0
0e2808a025,0
0e59057977,0
0e83c832a8,0
0e899c2105,0
0e9624bf3c,0
0eb03cccc1,0
0ed2fce6db,0
0ee2f5120a,0
0eeccfa5d3,0
0f19797af1,0
0f2540e5f7,0
0f5b2d9561,0
0f81ab5099,0
0fa1e2ec0d,0
0fb39bdd4f,0
0fca192950,0
0fd4156470,0
0fe88d720a,0
0ffbef2a57,0
1001eb37e5,0
101fab9667,0
102a73cb82,0
10391aefa5,0
1045448bac,0
104def81dc,0
1056e892f6,0
106b0f23eb,0
10a3b543d4,0
10b99a2679,0
10cbd21919,0
10fb725cfb,0
11096643c6,0
1113401d3c,0
112774ba35,0
113156b9e9,0
113655af27,0
113f9e005e,0
115485e965,0
1161352da6,0
118c8410fb,0
119db9578b,0
124a6c6989,0
12c401001b,0
12ef0f8019,0
131fe6a1fe,0
1351d43f41,0
138cdd198f,0
138d9c0a80,0
139b327245,0
13bd6b4cb5,0
13d02b602b,0
13d6e87328,0
1410a2c9af,0
1423eb65ce,0
1432fcc191,0
146dfd93ac,0
1470cdc60c,0
149c2f22c9,0
149eec939e,0
14ab406aff,0
14b50d2c26,0
14e3d2f19d,0
15103f6ef7,0
15332d7c18,0
154e585cc4,0
155070a394,0
1552d4e795,0
1559e04eec,0
155de1fbf9,0
155eb0affb,0
15823abda7,0
15a54065ac,0
15b84c63ac,0
15c2b6e55e,0
15d731142e,0
15d7c9beab,0
15f7a047c7,0
1602c8b05b,0
160cf2c5d3,0
1630eeba83,0
16541f595d,0
1675d7da88,0
1695784a24,0
169f0aa462,0
16ad51e2ed,0
16b198d233,0
16d444da1d,0
173b15430f,0
174789f4b8,0
175ad73f3a,0
17759743db,0
178c67d992,0
17aabc4f34,0
17df03088f,0
17f320bc00,0
1806e34f68,0
182891f8a6,0
182ef04220,0
18606906bc,0
18925b68f8,0
189357775a,0
18a167d8a9,0
18c28327b4,0
1918e72177,0
191bfc2fae,0
19436cc9b9,0
1957bd75f5,0
195b9ae705,0
19a0c4e9b5,0
19b25d6700,0
19d2303888,0
1a0230832a,0
1a05d9c2a2,0
1a1c2eb4c7,0
1a5d0c150d,0
1a8cbd3a80,0
1a948a1a2d,0
1acac10cfe,0
1adcc5d526,0
1aeaa85dae,0
1af88d781e,0
1afb60e200,0
1b203471b7,0
1b8d23755b,0
1bb2b1fbf4,0
1bca27f98f,0
1bea5426f5,0
1bf3d27d55,0
1bff16cb1e,0
1c3df8172c,0
1c45ad9906,0
1c4d649995,0
1c7acddca2,0
1c7c8f02c5,0
1cbfb9a597,0
1cc45d2a1f,0
1cd0858d58,0
1ce1580804,0
1cf2b64739,0
1d6f51de05,0
1d7eaa9036,0
1d9d2189a2,0
1da9e3d14a,0
1dcece25d7,0
1dcf541ad8,0
1dfcbf4bca,0
1e2ff4572f,0
1e4e74dd1e,0
1e95f2f6eb,0
1ea7d8528a,0
1ec750ee29,0
1ecbdbe10f,0
1ed0432125,0
1ee12ee903,0
1ef4ad65ac,0
1f00c16021,0
1f043f4fe8,0
1f086449b5,0
1f27634299,0
1f3f6c3791,0
1fd2701517,0
1fe408de00,0
1ff564151f,0
1ff696d59f,0
1ffeda69ba,0
2035cc5f5d,0
20415fd0b8,0
2087cc2916,0
20d753d385,0
21624c7947,0
2168a05735,0
216f53089c,0
21753d8ef6,0
217ffd92fc,0
21ba72ed47,0
21c2d4e863,0
220bb859ee,0
224c490664,0
227d87ebc3,0
2288a277e8,0
229a939c86,0
22c42f88ab,0
22c642d3eb,0
22e315d55c,0
22f1f09e62,0
22f5dc03eb,0
23028f1d61,0
23087ece3d,0
233b762d1a,0
23606093d7,0
239870f218,0
239a80d29f,0
239b0528cf,0
23acdd12a8,0
23d24d6b0b,0
23d8bf4955,0
2447b1e3fa,0
2458a5cd64,0
247d730764,0
247ecc1a63,0
24af5751a5,0
25094044ad,0
254689666f,0
25544ba1a8,0
2583a7cedf,0
258a6cebd7,0
259262e35e,0
259c209627,0
259c78b1f0,0
25d31baad9,0
25dcf3cbfa,0
261549d7ff,0
263cd3f9b1,0
265e1752b4,0
26831e1535,0
26b001bc1f,0
26fa7eb03e,0
277678b119,0
277bfa9b8f,0
27882d27ff,0
27c28dd8be,0
27f1c2b267,0
2824065636,0
283a0f28ed,0
286978d145,0
286f309694,0
28f5a828d0,0
291c5dc477,0
292ea3b61f,0
2937fed09f,0
293a7d72e7,0
293dccb805,0
2975e0a15e,0
2984673259,0
2998f3f29b,0
29a27c9903,0
29a734bae8,0
29b0235e9a,0
29ceeed519,0
2a25afc47f,0
2a26a80b9a,0
2a48ce5e78,0
2a59f72960,0
2a7336b189,0
2a75f20754,0
2ae328c427,0
2afe092e2c,0
2b4dbfc252,0
2b5388e7b9,0
2b6f27a34d,0
2ba0764fe1,0
2bca466c25,0
2bd492e362,0
2be52b518b,0
2bf2a9037f,0
2c07634387,0
2c0fd3a542,0
2c4b9599df,0
2c5fd36516,0
2c67cc6d42,0
2c6e23e219,0
2c8a7e025d,0
2c9e776fd0,0
2ca82d707e,0
2cc9b18030,0
2ccc636a08,0
2ce7a9e81b,0
2ce8354e3c,0
2cf5e31383,0
2d1bc23321,0
2d2b303e07,0
2d2f28610a,0
2d55a5841b,0
2dc58e4bd0,0
2e21ca5ebe,0
2e61d980c7,0
2e80aec171,0
2eaa0e2925,0
2ebc20ce2a,0
2ee235848e,0
2efb94dbfd,0
2efd3776d7,0
2f0f0f38bb,0
2f1e684ac7,0
2f28a9f9f8,0
2f37f301c0,0
2f425d379e,0
2fafa3db1a,0
2fbf1cd550,0
2fd6740e77,0
304b53d8b1,0
30a9858fdd,0
3116974feb,0
31221e6d5b,0
313cf7f11a,0
3159a2100b,0
316d5719d5,0
317f5e5458,0
31888f3b13,0
31d2ea0306,0
31d640b9b2,0
31dba1ef9a,0
32071efa12,0
32326636a3,0
328e232d2c,0
32968918d9,0
32a414a0d8,0
32a571418e,0
32b1cd7652,0
334f76e324,0
335586ece3,0
33a18815cb,0
33a1b10a37,0
33b84dc57b,0
33d921c28e,0
34009c8c2e,0
340216e59a,0
343ea5c3b8,0
34586dbe50,0
346d259abd,0
347d3a7801,0
348f475161,0
34990ac2e4,0
34ab125f26,0
34e956d7e8,0
34fc4627ff,0
35053e8edb,0
3507dd1cf1,0
35277a6516,0
352e661350,0
3535fe3ff5,0
355952537c,0
3567a5235d,0
35883e7b28,0
359fa522b7,0
35f233e10a,0
35ff3457e7,0
3606703e6b,0
3621dd35dc,0
3627e1a769,0
3653f28f67,0
3659fb63e1,0
365b34260e,0
36667d3e96,0
36aac13e58,0
36c461dcb6,0
36dcec0996,0
36eb8d9d53,0
36f364c4fb,0
373c27c20a,0
375a8da879,0
376b6b7e94,0
3797fc31e1,0
37ae46fab5,0
37c400489b,0
37ddf7de3c,0
37e459b035,0
37f1f5388e,0
3825b66859,0
3839b132a3,0
383e701524,0
385580a2f7,0
386b1e501f,0
389139a9d0,0
3893cc2455,0
38a0a84353,0
38a5cc707d,0
38c805312f,0
38e744be5e,0
3922843c4e,0
39294d0534,0
39538ce2b0,0
39f1a4f12f,0
3a00144329,0
3a00f81f99,0
3a1e404bbc,0
3a35c0728f,0
3a63fec26c,0
3a6bc1e413,0
3a7f0d0bc1,0
3a8925ef48,0
3ab1c71dba,0
3ab326340b,0
3ae4bfa0de,0
3b57b1ef9d,0
3b58fbbf7b,0
3b6f36dc01,0
3b7ceb9c90,0
3b881cf889,0
3bceaa0303,0
3bd0ebda02,0
3bde8847ad,0
3bde973437,0
3c0012cf47,0
3c24e4dc89,0
3c89b5b635,0
3c9218e3d2,0
3cb4906b6e,0
3cbade83c1,0
3ccf256507,0
3d0eb2ac5b,0
3d329cdce2,0
3d3359afd8,0
3d53b0ae57,0
3d6a897901,0
3d74dea2f3,0
3d86cf245b,0
3dbd807584,0
3dcc2fdb76,0
3dd0afef2c,0
3dd350a6f2,0
3ddf2a9990,0
3df2736429,0
3dfca0b816,0
3e2d048107,0
3e34b5b49b,0
3e3d120907,0
3e5eac5296,0
3e60aff57c,0
3e70505ba4,0
3e70579f6a,0
3e71bbc1d5,0
3e821f8642,0
3e8ca34142,0
3e9e8b4fc3,0
3ebce107cb,0
3ecb0db5bf,0
3f01db328a,0
3f325903d7,0
3f68cc0fcd,0
3f8dab943f,0
3fd3788e31,0
3fdc35b832,0
400714c26c,0
401310594d,0
4026885307,0
4031850bb9,0
4037f4ba93,0
403a7b5de7,0
403b47ec61,0
4045285603,0
40452bd035,0
4090bd3129,0
4098e4f4ef,0
40a1a3ddcf,0
40ab4aa81b,0
40bfc63823,0
40e83640df,0
411f4ac9d3,0
41aae07818,0
41b3376629,0
41b52c1438,0
41bff02c51,0
41cb99014d,0
41d2667f7c,0
41f7617f91,0
41fbcb79d9,0
41fee23985,0
4235358bc3,0
429f9cc0c7,0
42a8d2bcb5,0
42bafd5bec,0
42bfae680f,0
42eaca028e,0
42f76c7c21,0
4301b1f7e3,0
43311d0da8,0
436fead290,0
43a8e00245,0
43bce54542,0
43c29e757d,0
43eee3a16f,0
440927b8e0,0
4409f74613,0
441adcda4d,0
443f9cadc3,0
446ddc96b2,0
447aefae2b,0
448427097b,0
44940466b6,0
4497395e80,0
449edd9569,0
44ab5b7be4,0
44c1acd6e2,0
44e905e599,0
4510ce8fef,0
4540ae2a91,0
456019cf5f,0
459275ed4f,0
45b110b2d7,0
45c44595a1,0
45d1bb9fb2,0
45f9b71a91,0
46163e4ad9,0
4652ed0274,0
468067c08b,0
46a12ca49e,0
46bcca523a,0
46e374f8d3,0
46fccdac75,0
472ca04a17,0
47393e1828,0
47694d4de5,0
476bde9dbf,0
4789404953,0
47c62d446e,0
47e91d98fc,0
48055c205f,0
4820132bfc,0
486273b149,0
4869d25c05,0
48822379cc,0
48a0396892,0
48b61d9b9c,0
48b79d6237,0
48d705f189,0
48da4541cc,0
48f237773a,0
48fa734394,0
494ce6d61d,0
495b31555e,0
4963db2e0b,0
49960a0373,0
49adbea04a,0
49aeb06689,0
49b54df7bd,0
49c3f16b62,0
4a263eda40,0
4a30e84131,0
4a4c747233,0
4a6120cd63,0
4a9ca949fa,0
4ad823e2d3,0
4ae24ea066,0
4aee25ccf3,0
4b02d1de2d,0
4b05075e91,0
4b05f60263,0
4b15cebb3c,0
4b276b23ec,0
4b4d404c82,0
4b82adea21,0
4bd819a267,0
4c2c29b221,0
4c2eb1cd66,0
4c48b962ff,0
4c4991aaa9,0
4c5f25ed11,0
4c7ffb89ae,0
4c9d8d500c,0
4cde340a69,0
4cdff73936,0
4cec6bf0aa,0
4d137bd91d,0
4d1b2c230e,0
4d3cdc8697,0
4d7ff23978,0
4dae9c390c,0
4db23d2bc3,0
4dd47d353e,0
4e0acb57df,0
4e176e4a6d,0
4e206da365,0
4e22f17d32,0
4e8235d649,0
4ef64308cf,0
4ef659421f,0
4f02e56080,0
4f1c44860a,0
4f34a8f76a,0
4f37c11814,0
4f47a5553c,0
4f66cd03ef,0
4f79ec0ba8,0
4fb16587b5,0
4fbce04350,0
4fce657ed6,0
4ff2ff620d,0
50006ac207,0
502a8b84ea,0
505692120b,0
505ceabce1,0
5098537745,0
50c1a76871,0
50fd2ca447,0
511b704f00,0
5125c3b025,0
51302b1585,0
514ece6215,0
5171c905da,0
51c67608e1,0
51ff6322d5,0
5202aa6a12,0
52110da0ac,0
5220b448bc,0
5235fc6d22,0
523ddc787f,0
52477a56f5,0
524f01dd79,0
525e2bed36,0
5261804250,0
528bb36b3b,0
52b11a66b7,0
52b4fe7246,0
52c9a7d0ea,0
52f6267e3f,0
53065eaa33,0
5313788acb,0
533c11374e,0
533cb21516,0
5358961921,0
536def7060,0
5375adb7dd,0
5395ef1290,0
53a81ace9f,0
53ac4dc8ba,0
53b90f4e43,0
53c5b16111,0
53f7dc0824,0
53ff9d218a,0
54075e899e,0
540fe7dc25,0
541f392605,0
54319ceb3d,0
54524393c7,0
5454e63aaf,0
54668cfc5b,0
546e401ee0,0
54961d841d,0
54964f9bb6,0
5497f42ab8,0
54a5842258,0
54b5c16ea9,0
54beb44cac,0
54c4df56c6,0
54e5e78455,0
54f0a62c2c,0
5505f08449,0
550ffbb9f8,0
553d0ed5c3,0
553d2398dd,0
55461699f5,0
5547124214,0
55714a25e7,0
55b630dd3b,0
55bb514332,0
55cd46afec,0
55ce36ea90,0
55cf1d31dc,0
55dc884bd8,0
5636457570,0
56377d37d8,0
56445dca2b,0
5655a238b7,0
56583846d9,0
565f34a45e,0
5663471396,0
566b4e0770,0
567d785c85,0
56985e82a0,0
56aee0ab08,0
56b06072e3,0
56b654a72a,0
56bed3512e,0
56cfa0c19d,0
56d600b706,0
57157b6f9d,0
572ffe9ec9,0
577c96c270,0
577e97ccbc,0
577eac9bc5,0
57b062d234,0
57cc268ef2,0
57ccc5cb82,0
57cdf8ac6b,0
57df29302d,0
57e445c326,0
57f9c7cc29,0
57ffcba066,0
580172eb67,0
580cdf3c55,0
5819935dd4,0
5832fa2b13,0
5876dcc00f,0
58877e2525,0
58a87efcca,0
58b7922c6d,0
58d03e7c89,0
5910d039bc,0
591a9a0aa6,0
593ae73040,0
593f3e9254,0
595023dd24,0
5954cb50c1,0
595c54b0ac,0
5968a5ba44,0
596b9ee0eb,0
597fe20001,0
598797da90,0
59caf44e3d,0
59f5a1afc7,0
59f63d1a95,0
5a00950b21,0
5a13a495f6,0
5a1e0d8d51,0
5a25f90bd9,0
5a416af8db,0
5a74b2e160,0
5a7d0e837a,0
5aa1bc199b,0
5ae9fe9e4a,0
5af7237d5c,0
5b087e5813,0
5b25607782,0
5b3cecb9af,0
5b3e049596,0
5b59adc91c,0
5b808ba57b,0
5b979e06c1,0
5ba442f1cf,0
5ba4a336bd,0
5bfd9e78d0,0
5c635d62ae,0
5cb1c7a644,0
5cbb8cb416,0
5cc6b64727,0
5cca94091b,0
5ce6499aa2,0
5cfcd47740,0
5d0410b2b2,0
5d1934fb12,0
5d81dbf5ea,0
5d91db33fd,0
5dafe5bb61,0
5dd1246d5b,0
5e583467a8,0
5e5ee7f8c2,0
5e713bea12,0
5e95c5418c,0
5ea247195e,0
5edea5c7cd,0
5ef61f604d,0
5eff7a6eb2,0
5f15393348,0
5f171def5f,0
5f1bec06fe,0
5f2b6a66d1,0
5f5445bcd8,0
5f54df3753,0
5f64a4011b,0
5f80ba82d5,0
5fb0953e0b,0
5fbfc69a6c,0
5fd24230c4,0
5fe9fb5c4e,0
6013c6b879,0
6032385d55,0
6048597c55,0
604c708fe5,0
6056e713c4,0
6059cedbfb,0
6061f711e6,0
6066dbfca9,0
60764d08d3,0
6080c9f07c,0
60969ee8a0,0
60bb53f935,0
60cfe5b3e0,0
61023e1d99,0
6107902d61,0
610a3254fc,0
61138805e1,0
61291bc911,0
6134054093,0
6158817b25,0
616ef89f45,0
618bace044,0
6193839fa8,0
61991ac001,0
619a549372,0
61a526dba0,0
61b6c452ad,0
61c0129a58,0
61db631085,0
6284db1276,0
62e4d6c471,0
62f191ada1,0
63098bee3b,0
631a3498d7,0
631f8ac5aa,0
632c5881af,0
632d03fc18,0
633b6d6ec4,0
634088c2cb,0
6377b2a077,0
6389a7688d,0
639103c523,0
639dbc4799,0
63c49b24d0,0
63ea7ee5d6,0
63ec6fa3e4,0
63ee7113ff,0
640c607028,0
6419e5b53f,0
6432584b53,0
643c7c5672,0
648d1ae4be,0
64c0dcc319,0
64c76ea7a3,0
64dcad5c0e,0
650e16bbf8,0
651873c256,0
6550e7b59a,0
659ecabddb,0
65a338624e,0
65fc772aeb,0
663c095075,0
6677cfe3c6,0
667ef29591,0
669d158701,0
66b56662df,0
66eb719e38,0
6700ff86b9,0
670eb245f5,0
675d0ed1c7,0
67686e8e07,0
6778b7675a,0
677cf459d1,0
677f4cbc88,0
679a0030aa,0
67a413f082,0
67ba09a89e,0
6805e1ed9f,0
680ec6e447,0
6817f42eba,0
6842e3fc27,0
68c0ec9724,0
68ce559aca,0
68d3e8314d,0
68e3ae2fd2,0
68f0a9f47d,0
6902873ebf,0
6909be8eb1,0
695d72762c,0
69768c0d00,0
6997ae1756,0
699e9c511c,0
69a3b60b11,0
69bf9df3a8,0
69cd6cdd28,0
69eabf5f29,0
6a443ecf2a,0
6a4a8f9166,0
6a4c68f4bc,0
6a79ccb43e,0
6adfb31724,0
6b0f472ce3,0
6b22f89f38,0
6b26e7364e,0
6b279fcb79,0
6b2b54455e,0
6b2d8a1c1e,0
6b36c0a954,0
6b387438d4,0
6b3dd7f999,0
6b42489773,0
6b4b989279,0
6b5f03996d,0
6b6a7b9756,0
6b6e268379,0
6b7945d817,0
6b83d97821,0
6b8be32bca,0
6b97b024aa,0
6bdc887531,0
6c0ae2e809,0
6c0f139b5b,0
6c10ab3d93,0
6c147e8265,0
6c292f738a,0
6c39c17251,0
6c676d1605,0
6c72d0dfd0,0
6c7b1a041d,0
6c81929afd,0
6c9c69cf63,0
6cad0fd382,0
6cd1de8ef4,0
6ce2fbd852,0
6cea60aa06,0
6cff622a5e,0
6d0ea586a4,0
6d2b421f7a,0
6d4ae7243e,0
6d545391d1,0
6d707a2713,0
6d94eea16d,0
6dc54e0021,0
6dcb56d4db,0
6dcf25329a,0
6e1232c356,0
6e339205f1,0
6e3d4665bd,0
6e58a88e4d,0
6e79a01f0b,0
6e98da23b9,0
6ec1f0c03e,0
6ee6f38517,0
6efd749560,0
6f124c4dd2,0
6f19a15faa,0
6f2f98381f,0
6f48dd2861,0
6f533a271d,0
6f5da258a5,0
6f90ec390c,0
6fcb932d11,0
70239a8c97,0
7054ae209d,0
70596c3dd2,0
70618c36ee,0
707ae290b6,0
70958cacd4,0
709fcc80e5,0
71022f79b0,0
71158cec61,0
7128b1506e,0
71416f3e05,0
714a530736,0
7173e8bb6c,0
71890f2e7c,0
71a360306a,0
71a8710bfe,0
71b381b1bb,0
71d46b2a4b,0
71de4aefac,0
71e17c98ff,0
71e5181d4f,0
71efaabf89,0
7208f75841,0
722806521a,0
7234856751,0
725e4a6ba0,0
726c743e97,0
728a6d743c,0
728b06f90b,0
72aea0aaef,0
72bb7e268d,0
732fb7faf6,0
734bcacca1,0
73500d8f72,0
7374d22ad8,0
73c97fc400,0
73cabef9bd,0
73d82d003c,0
73eb0134c9,0
745b73e846,0
746f7f7f27,0
7482e0c304,0
74c86f24cb,0
7500f695e6,0
750ef7cde4,0
751bb24ab9,0
7520edb0d6,0
753ac9f3ed,0
755b1d4def,0
7570331dbb,0
75842bc006,0
7585d90354,0
758c74c39e,0
759128aca2,0
75a285c615,0
75ab739866,0
75cae57c64,0
75d91acabd,0
75dd47f9f2,0
75dda4f3d6,0
75fb042981,0
760e92cf87,0
761b0fef99,0
764765d9b9,0
765db22f0e,0
76656d621e,0
769620862d,0
76ac440877,0
76c44f5b8c,0
76f8eb7530,0
76fa8ec9a1,0
76fba60faa,0
772858e71a,0
773932c485,0
7744768972,0
7767f3239d,0
7784c83371,0
77b692d7ed,0
77d71dd60c,0
780bbb490f,0
78116fa2a8,0
78153bb977,0
7818f0f4e6,0
7824b680f1,0
78377df955,0
783ee7dc03,0
783f585c78,0
7865079bea,0
789b0007eb,0
78ab68c3c8,0
78ac553fb7,0
78c843da8a,0
7910783120,0
799453dcae,0
799db836f6,0
79b6c430de,0
79c7997f05,0
79e2069243,0
79f6734016,0
79fd4a6e1e,0
7a0a1152e2,0
7a26e2ae43,0
7a3c76d202,0
7a3c8c0d2d,0
7a88625b83,0
7a8d800e83,0
7a8ef143fe,0
7abfe45a2f,0
7ac46c38d9,0
7b10d2ad6a,0
7b2d4b9295,0
7b392bda72,0
7b5e37063c,0
7b9fe6b1b3,0
7ba388a682,0
7bb4e8e6d7,0
7bb95ab2d1,0
7bcfd67b4a,0
7c01d02935,0
7c1348eb50,0
7c1758ce19,0
7c1962afdc,0
7c37fbeb5f,0
7c3c2d6b19,0
7c3e872cbc,0
7c4874f691,0
7c6e3e4d9d,0
7c6e4834c9,0
7c72ae0a51,0
7cb042c4eb,0
7d0ab4664f,0
7d0c3ea808,0
7d5345b3aa,0
7d5f9abb1c,0
7db83b64e3,0
7dd01cb655,0
7dd235711d,0
7e0d970af8,0
7e584d50b4,0
7e84c340bd,0
7ea0fd3c88,0
7ea197b7df,0
7eba79439a,0
7ebbf0b3dc,0
7ed2a9b1f5,0
7ee71ee874,0
7f09587094,0
7f3a6d74ed,0
7f558ed116,0
7f60438768,0
7f62bd4856,0
7f954be7ab,0
7f9e856b9a,0
7fa12eba13,0
7fa74fdeba,0
7ff1d00b47,0
8016da014b,0
802b3e6be9,0
802fa1a9f6,0
804580b1af,0
80590647c7,0
805e8f004a,0
80668fbcee,0
80693d458f,0
807262dbb7,0
8077c06f68,0
809d3a2b71,0
80c275e4ad,0
810309305f,0
81466d1890,0
814bd19e43,0
81989809aa,0
81abf40136,0
81d87e9c69,0
8200fffe39,0
82238ffb93,0
82385cd8e9,0
826698f6b8,0
8267c5f862,0
82a5a9bf4a,0
82bc39d826,0
82d8b50c5d,0
82dc91ec22,0
82de84fe54,0
830509e296,0
830b0c4dc7,0
83232c5c15,0
832dd54aed,0
8346af8d52,0
836f781562,0
838581e54e,0
83b78b9386,0
83d4aae732,0
841103a83d,0
842cd34527,0
842e153666,0
8440daea2c,0
84480cf944,0
84b1fda205,0
84c314d868,0
84d1245b1c,0
84e1902710,0
850f48c5e3,0
853a1ba28f,0
853e07e13e,0
85703ee290,0
85738bfeb5,0
8597ba8dc8,0
85b57f0344,0
85c075014c,0
85d4a097a1,0
85ecabd362,0
86081eee45,0
862eb1262d,0
864532d1e7,0
8655a31d30,0
8661a2b464,0
8687efe0d4,0
86900ef966,0
86a1ed83c3,0
86a72bdce6,0
86cbc4e630,0
86f33178d1,0
86fff4bd22,0
87172d491e,0
871cdbe362,0
873df4c341,0
8753fe755b,0
875e1a2d73,0
877343b661,0
87c102e766,0
87cf093046,0
87de3d4a1e,0
87eff3371d,0
8816f6d638,0
88177cb642,0
881cc4a167,0
884958bc2a,0
8858cb4648,0
886335d982,0
887ccd9e4f,0
8884856272,0
8891f0ddcc,0
88b412588a,0
88ba38dab2,0
88bacbc4b9,0
88c55d296d,0
88e238caef,0
892cdf8eb5,0
8946dfe209,0
894b6febb5,0
896ab41b34,0
8995059b83,0
89aa92a709,0
89e3fc01e4,0
8a0eb38750,0
8a15905832,0
8a394a5c38,0
8a396e306d,0
8a65df187c,0
8ac7c26b28,0
8ad6fce1d6,0
8b00c9309c,0
8b258ca8e0,0
8b62cdd144,0
8b65866f57,0
8b7b938922,0
8b80908f1e,0
8b88631559,0
8b9528c3f2,0
8ba1b78c2a,0
8bce9ebbfd,0
8be34a849e,0
8bf21420ad,0
8c09cba826,0
8c0d2616e5,0
8c14ce1882,0
8c71fc1122,0
8c9a658868,0
8caa006f70,0
8cb4641c0d,0
8cc037cd28,0
8d21f488a5,0
8d5cca7374,0
8d641d2e8d,0
8d71a7b436,0
8d9355e7d2,0
8d9905f7d5,0
8db280a3b0,0
8dbf4c5515,0
8ddf87b5bd,0
8de3dc60ac,0
8df60c2b48,0
8df7b2c99e,0
8e0c252445,0
8e13cda6fb,0
8e149fe591,0
8e3cdc41e0,0
8e58618fe6,0
8e8ddd8b7b,0
8eaa59df0a,0
8eb9fca4f3,0
8ebdcba27d,0
8ecdb4163c,0
8ee672b4e6,0
8ef46c404f,0
8ef841cae8,0
8efaac0550,0
8f02627082,0
8f135ade8b,0
8f29c5d348,0
8f4a26738e,0
8f4b5f835f,0
8f64d370c5,0
8f9027e401,0
8f9be04cd4,0
8fa238ffc7,0
8ffb4376c0,0
8ffb761299,0
901cf47850,0
904a5115ed,0
9061243d58,0
90b8394c22,0
90dfe4f673,0
90e92b9fce,0
90eef5ba6a,0
91002b54e4,0
910f26f2e7,0
91115cfc77,0
913f5c6470,0
9156a46309,0
9163f15e89,0
917e80f94e,0
918d76601c,0
9197adb6f3,0
919f72b795,0
91b12546b9,0
91b90e946d,0
91d4f1574a,0
921fe866ac,0
923afac48b,0
9241807175,0
924c3d6a9c,0
929063c568,0
9293eee645,0
92ad1bf3e3,0
92c6e998bf,0
92eb99caa8,0
930ace946d,0
9321025f07,0
932ec40ab4,0
933d90f822,0
936d863260,0
93d82c5591,0
93d95729b9,0
9427ca3902,0
942b755ac6,0
942bf47b58,0
942f9aee0a,0
943754ba03,0
9437ba261e,0
944d2d6bb8,0
9465348644,0
94759a6603,0
94dc7202b0,0
94f53802ae,0
951cf62d3d,0
952563a97e,0
9543901c15,0
955a22dab3,0
9571d16b40,0
95862fc051,0
95a184c026,0
95ad98d2a6,0
95e0b5a613,0
9609f60e28,0
9613762743,0
963e4a56bc,0
964f6dab2f,0
966b96f8b2,0
966f23aa7c,0
96b2a2359b,0
96d45b4e8e,0
97099ae7b2,0
9714d5390c,0
9714f42c6b,0
971775bc8b,0
9718a3fbb3,0
973872ad59,0
973efa154b,0
978ae7ff61,0
979f77d312,0
97a26ea163,0
97aab49e92,0
97ab9d8f26,0
97c5934455,0
97dc92d4e2,0
97e8949284,0
97efe48f6e,0
97fad1d33f,0
97fcdfcb2b,0
9830eb6971,0
9844d1cd98,0
9853112f5e,0
98688a6c7f,0
9886bf8a44,0
98943bbc82,0
989a91d6ab,0
98a998d784,0
98bc73660f,0
98d2f64d03,0
98d30fa576,0
98fd0a654c,0
990468763b,0
9913721ee5,0
991ec143b1,0
991f1104ec,0
9931dd3141,0
9952099fd0,0
999d21abf1,0
99a661efaf,0
99ea7f1c07,0
9a51433e42,0
9a7167039d,0
9a808f321d,0
9a954c3db7,0
9accde1974,0
9ae5ecca79,0
9b29c91d73,0
9b76ac365d,0
9b7ade011b,0
9ba360fe0d,0
9c276c8606,0
9cbca0af7a,0
9cced7a09c,0
9cd8e831c6,0
9cdb3805a1,0
9cf5dd8561,0
9d1516b5b9,0
9d2eafece8,0
9d45516026,0
9d57cce77c,0
9d7600e578,0
9da3f4e2ff,0
9dba0d933d,0
9dc2a6667a,0
9dd88fbb40,0
9ddf722913,0
9de0eaded3,0
9de7ed8672,0
9e2432ac74,0
9e28ecb2b1,0
9e2cb9d6cc,0
9e2e88c82b,0
9e3ed814dc,0
9e4e6733bc,0
9e54e0ee92,0
9e6b377ea4,0
9e83c04d5c,0
9e86e03bec,0
9e91369659,0
9e9f0266ea,0
9ea6ebf3d1,0
9eb7f34982,0
9ec6ead0e2,0
9edc9cd726,0
9edcfbe543,0
9f252722f5,0
9f350005b5,0
9f3d03c145,0
9fe9aa0449,0
9ffb5d6034,0
9ffe9b70c4,0
9fffec824a,0
a02d22da7b,0
a03090943e,0
a04349cfc4,0
a05a91dc20,0
a099efaadf,0
a0ae63c9bc,0
a0b00e7922,0
a0cc288f83,0
a0cc846d2f,0
a0f5234b07,0
a1465a9036,0
a1593593f2,0
a173685785,0
a18b7d9b6e,0
a1a950ce34,0
a1e16dc7d6,0
a1e1b90a18,0
a1eca69525,0
a23223b144,0
a2393894ff,0
a25e9e12a7,0
a27600b0b2,0
a28c2ff4e2,0
a28e9a56a4,0
a2b2d4fe99,0
a2bac51579,0
a2c1aaa15d,0
a30a23a310,0
a3328ab6d1,0
a35dded5b4,0
a366e0eeae,0
a37df3d8bc,0
a3b2bb97ac,0
a3debd62c6,0
a3eff91b5e,0
a3f4d92597,0
a3f894216b,0
a4104dec88,0
a41685b927,0
a42a45b613,0
a4546fe71f,0
a48358f1bc,0
a4876c155d,0
a48d0b7d22,0
a4c5fdf614,0
a4d2a5df9f,0
a4dc4e0266,0
a4dffd26d3,0
a4e5bfb182,0
a4f7eb0929,0
a53f55e67b,0
a54115fadc,0
a5bdac93d1,0
a5cef24195,0
a5d6f86af7,0
a60d8f7fbe,0
a612bf83d3,0
a62d4765d2,0
a62e962739,0
a66a21e4c9,0
a680da22d5,0
a6903a84f2,0
a6935120c2,0
a6ab750afe,0
a6c55fe3af,0
a6d97826dd,0
a713287800,0
a71b76545d,0
a745ee2cf2,0
a747fc2b99,0
a749ecef14,0
a79de3a9cd,0
a7fbaa2e3a,0
a82d7959b3,0
a856815b31,0
a85d0a35b4,0
a8718f10cc,0
a8921964e8,0
a89f111730,0
a8aa1d5b64,0
a8ae93258c,0
a8dd12fde3,0
a8e3f97611,0
a8fe8b9306,0
a92c448553,0
a93e3cdc1d,0
a97394e47e,0
a9f29dca64,0
aa37f37aa4,0
aa3f48ac07,0
aa4be18d6a,0
aa4f0df151,0
aa60ebe3d4,0
aa82830b4f,0
aa9ba4a552,0
aad74ec770,0
aae3d06017,0
aaf90619d3,0
aafaaa68d6,0
aafb84b530,0
ab1de6f41d,0
ab21a116de,0
ab2ed24522,0
ab301a4e93,0
ab3200a666,0
ab4a9da299,0
ab5e7b990d,0
aba14b6a42,0
abace4b11f,0
abaf233b39,0
abbc5e8ba1,0
abd3256917,0
abeec5ed35,0
ac059f8997,0
ac11aab43a,0
ac1aefb611,0
ac289a4281,0
ac54591ef1,0
ac562c9a1b,0
ac691fa4e2,0
ac6f1aba22,0
ac7300662b,0
ac7e275644,0
aca25559c4,0
acad22ecfe,0
acaf962142,0
acb6f14934,0
acba470146,0
acdc75508d,0
ace1b850fd,0
ad2736fbd3,0
ad34bc33ed,0
ad7065c216,0
ad72eda039,0
ad9427548d,0
ada318e411,0
ada919169f,0
add95e52cb,0
ade356fe0a,0
adecc7ecaa,0
adf61b04b9,0
ae3782511b,0
ae4c9f8061,0
ae708e6579,0
aee12c124d,0
aeff4535bc,0
af1d588df1,0
af3015e30b,0
af3bc2fb94,0
af600f2a65,0
af6dd3433a,0
af773ea8ed,0
af77e1d769,0
af86467c71,0
af8d5de7eb,0
af92444d7f,0
afb0329994,0
afce0bd7dc,0
aff52da041,0
b011b540e8,0
b0308268a8,0
b04510ede2,0
b0912218d7,0
b0955cb6a5,0
b09d843d5f,0
b0ce227ed6,0
b0d0386a1c,0
b0e3dba964,0
b0fa04add4,0
b12c491f2a,0
b15d57ba45,0
b169f405fb,0
b16f497480,0
b174e802d6,0
b1a8e768af,0
b1fd7719e3,0
b20eb9e813,0
b211bcbb47,0
b239eb33f5,0
b259d12150,0
b26035f279,0
b28f64e243,0
b2afc5f0b4,0
b2c26edd9c,0
b2ce3e9581,0
b314d90af5,0
b325cf9099,0
b332da5919,0
b337d81063,0
b368971dc7,0
b387191390,0
b3961ddea6,0
b3e1c43576,0
b4043d90c5,0
b413657974,0
b42d968164,0
b4382ccb5d,0
b44168da26,0
b452af04cd,0
b475e5ad7a,0
b47f64fc94,0
b4836d1c53,0
b48a0af1f1,0
b497566ac3,0
b49894747f,0
b4a2b76dfe,0
b50f5e59ba,0
b51a512daf,0
b538164346,0
b53e07d18a,0
b54c2fdf03,0
b55aa09a18,0
b57b8d5c7e,0
b5821bfa07,0
b586705391,0
b5934d2a3b,0
b5995bbf96,0
b59bb4f42b,0
b5a52c35fc,0
b5f2602f5b,0
b642883836,0
b696d70c72,0
b698fce464,0
b69cacf30a,0
b6a84556e1,0
b6c481b604,0
b7214417bc,0
b74675b268,0
b7563a8f61,0
b773b0a33d,0
b774b632f8,0
b77ab07896,0
b78adef524,0
b7b72a69d1,0
b7c27ed70c,0
b7c6762ad5,0
b7f1e8c111,0
b810ed2ed1,0
b884ea365d,0
b894d4c3b0,0
b8a51aaee9,0
b8a8ff838f,0
b8be6ec1db,0
b8d543020b,0
b8dc035a88,0
b90c03ccdb,0
b9145d4519,0
b915b8aa25,0
b91e65bb04,0
b9412c61eb,0
b941c8a655,0
b95433b42d,0
b969a65d69,0
b96b1971eb,0
b97e5dc573,0
b99433d2e0,0
b9be2550e6,0
b9c8fa4ea1,0
ba18af259f,0
ba4c45d323,0
ba53ab39fb,0
ba6e0a1859,0
ba85d911eb,0
babddbeedb,0
bac45161c9,0
baca1f1596,0
baf857f245,0
bafaf5810e,0
bb0c689bb9,0
bb364faea2,0
bb5ec93158,0
bb633b3089,0
bb6a397bf9,0
bb7e7af84a,0
bb97216331,0
bba06a7d49,0
bbc3a70187,0
bbf1d1b243,0
bbf28ad8f4,0
bc26da3339,0
bc2c4e63bf,0
bc3c918cd4,0
bc6521fff4,0
bc7512e68b,0
bc8c4fb855,0
bce80dc1da,0
bcfb588cfb,0
bd1131dcdc,0
bd292a1690,0
bd388b139f,0
bd56cea895,0
bd6338e1f6,0
bd73a889d6,0
bd8614d181,0
bd8b6464b3,0
bd90397780,0
bd971c3d86,0
bd9b727231,0
bd9d82e3d8,0
be147b0ef2,0
be464130da,0
be68195daf,0
be72bfb0b2,0
be9c6e9b7f,0
bed4dce080,0
bef04f7b6e,0
bef690a9ee,0
bef8500370,0
bf18502d61,0
bf185105cb,0
bf22319310,0
bf8bf3d4fa,0
bf9664650b,0
bfbe6491cb,0
bfcdcd2720,0
bfd7a73deb,0
bfe12bdf70,0
c003af5c7d,0
c04dbddedd,0
c0581f8747,0
c0a6b5b312,0
c0bcd07a7b,0
c0c4b98415,0
c0d5f29125,0
c0df1c6bc5,0
c0f8ef8904,0
c120a8aeb0,0
c1494cafd8,0
c14ab2b105,0
c165af8d0d,0
c1de072b83,0
c20fd75377,0
c21acbb2b2,0
c24839469c,0
c25acd1ab5,0
c2c78b53d6,0
c304dcd3c7,0
c31a3c9ae4,0
c328588e36,0
c32e8869bc,0
c345789eb2,0
c34a4aa5b3,0
c352c269de,0
c37134e5b8,0
c3b31898df,0
c3dc03f42e,0
c467bf46da,0
c47f69debb,0
c491ef1f9f,0
c4f24495e3,0
c4f2855630,0
c4f2c790fb,0
c50affbe08,0
c50d5ef081,0
c54217c477,0
c54981fe30,0
c55beb0582,0
c55f5b7931,0
c5627d8c35,0
c5749817aa,0
c585215aef,0
c59e29f167,0
c5f1688f84,0
c5f3085b12,0
c5f5614e87,0
c5fbc0612f,0
c6013519e9,0
c60ef7505e,0
c60ff9fb7d,0
c627f6c6c5,0
c67d804ce4,0
c68d428ccb,0
c6a9583845,0
c6f29dc1a4,0
c76c0acac6,0
c76d853d5b,0
c771336efb,0
c793818b13,0
c79df71fb3,0
c79f40f0cd,0
c7b4b3f494,0
c7c8e8ff63,0
c7df3e05ad,0
c8266973f7,0
c834d7e9df,0
c8505be4f8,0
c85d6353df,0
c8682f2387,0
c86ec557ad,0
c894b9e4d2,0
c8a43265bc,0
c8a942dbf4,0
c8bb808990,0
c8cf8823a0,0
c8d429588d,0
c8f06b6aa5,0
c8f4812ba1,0
c921814978,0
c9255da5a5,0
c9272c542f,0
c92ae135a1,0
c9454c6638,0
c96223d1d2,0
c982bcdf9e,0
c987a5763a,0
c999ea6eb4,0
c9afe2f91e,0
c9c7cd6fa4,0
c9f84c908b,0
ca5226f983,0
ca6bc81fcd,0
ca720c6ad8,0
ca7c651e29,0
ca86bc43a0,0
caeaa21d24,0
caee58b3ea,0
cafccdcba5,0
cb47a30879,0
cb8a681027,0
cb992ed293,0
cb9c3597e8,0
cbaa2838cf,0
cbab88c5c0,0
cbd2213768,0
cbd6daf292,0
cbdd38711c,0
cc09190dfb,0
cc18f94210,0
cc30dc52ee,0
cc63e9b444,0
cca88b97da,0
ccceb23dda,0
ccfb9693c3,0
cd3b8db4a0,0
cd8765b15a,0
cd8ed0c05d,0
cda1d37159,0
cdac58c984,0
cdda3b1f5e,0
ce13104347,0
ce269253a0,0
ce36e2a0ae,0
ce3d0fa3fa,0
ce5b9c1de1,0
cea291eedc,0
cebc1b3f7d,0
cecb9a3bd3,0
cef5623670,0
cf023db098,0
cf063b6a84,0
cf14a9e3d0,0
cf3c075df1,0
cf3c36117a,0
cf8042ccb0,0
cf93be642e,0
cf9c283f60,0
cff78ba6f7,0
d011233664,0
d01e3d8f7c,0
d063e9625c,0
d082aa9b68,0
d0a0a50b27,0
d0a367e216,0
d0f903ce16,0
d0fa976e23,0
d0ffb5b3f6,0
d100338a78,0
d107a8e18e,0
d123f81e7d,0
d184edb816,0
d1a7ba274d,0
d1d882f7de,0
d1e97641e8,0
d20568b2d6,0
d20de74c75,0
d22a045c82,0
d23d16fa85,0
d244dc0b1c,0
d2aac3d56d,0
d2b3f8b7da,0
d2c728aaf3,0
d2d362db2e,0
d2edf62bfa,0
d2ee323c45,0
d3247e8f62,0
d3696f45f9,0
d377b39581,0
d3829ca10a,0
d3947fc006,0
d3aaf303a1,0
d3ad12287c,0
d3b47c38e2,0
d3d5626477,0
d45c69bd9d,0
d476a47369,0
d484fbb030,0
d4c21d0aa2,0
d4ce2a2530,0
d4db8ada5e,0
d50b6c3267,0
d53dabc268,0
d547702609,0
d55f9bcd21,0
d588077d84,0
d590a3a3ba,0
d5c8c3579c,0
d5dbfe8494,0
d5dec361aa,0
d5ec79a1d9,0
d5fbaeab9c,0
d607bab433,0
d607fd7e0b,0
d625028eb4,0
d6275b7ae5,0
d648667e46,0
d65ad5c777,0
d65df3a8cf,0
d69fe4565f,0
d6b36a5082,0
d6cfbda4bf,0
d6dc342f83,0
d6fdb80bae,0
d72554e86a,0
d7470e757f,0
d76ab972db,0
d76b5e2a7f,0
d76fdc0c66,0
d7927f11dd,0
d7b84ee2cd,0
d7d3ead58e,0
d7d6a4e742,0
d7f329deb1,0
d81b53a8c1,0
d82b7bc89b,0
d853da3c22,0
d859e715d4,0
d89411d9d1,0
d8ad9966ba,0
d8af997922,0
d941b83446,0
d975321865,0
d9bce92614,0
d9c57ba98b,0
da0b7ec78b,0
da3b6be1d5,0
da75372c30,0
da85c5ae62,0
db00870dcd,0
db17867b19,0
db5ec02b2e,0
db9158c9ec,0
dbb3965aca,0
dbc641e275,0
dbd5499147,0
dbe799dc2b,0
dbfc10558b,0
dc079bad31,0
dc35bbc9ee,0
dc3f33d2ea,0
dc3ff463f0,0
dc786d88fe,0
dc8281c5ff,0
dc888669ce,0
dc898d55ca,0
dcb7468a65,0
dceef5a0e1,0
dcff079eb2,0
dd01adda98,0
dd063e8cd4,0
dd566cf41e,0
dd5c9e2550,0
dd65f1856b,0
ddb0fdbd54,0
ddbe6bbb4a,0
dddf779b5a,0
de0d58d7b5,0
de25ccc39e,0
de28f19d4c,0
de2d8f0fd6,0
de5338e179,0
de5361fe2c,0
de5f1f1e62,0
de67466121,0
de8577c69e,0
de9ecc8950,0
deade70419,0
deb49604b1,0
dec5c3fa93,0
defb3d4896,0
df274ef7c6,0
df3fa9de04,0
df4991a4c3,0
df599e40e4,0
df692412f1,0
df9a4986d7,0
dfc0a7b323,0
dfc37cbc5c,0
dfc4545499,0
dfd7cbea2e,0
dfdc5ca98a,0
dff67697cb,0
e006ec6c95,0
e01fa7e070,0
e0215d7e9c,0
e02756640e,0
e040765722,0
e066f5d49c,0
e07886c9e1,0
e08e7d5619,0
e099a1a8ad,0
e0e065b312,0
e0e40311d9,0
e0f853692c,0
e127edb610,0
e155c42993,0
e162057e32,0
e162d8e24f,0
e17703fdd5,0
e19316acc4,0
e196a48c94,0
e1a51e48a1,0
e1bc4ce241,0
e20e33ab7c,0
e2313f87de,0
e2351d6eff,0
e2562cf41b,0
e2684fca5d,0
e286e6d0fc,0
e2a8145eae,0
e2c6d37f9f,0
e2cec6cc04,0
e2fade489b,0
e32452b10d,0
e325a27d31,0
e3493e23f0,0
e34eaa10e1,0
e35d17412e,0
e37551bed6,0
e3ada5840a,0
e3bd0d2365,0
e3dcd28ec0,0
e3e09fce08,0
e3f1908c35,0
e4186029c2,0
e468f76d96,0
e48aff427f,0
e4b9664ba5,0
e4b97067dc,0
e4c862a4a5,0
e53934a7c9,0
e53ca23b39,0
e53d96b2ce,0
e547ff9d88,0
e55ce10074,0
e573b432c3,0
e57ef95bb2,0
e5a158c743,0
e5b07450e3,0
e5b8905fea,0
e5bd8ae238,0
e5d26987a9,0
e5d4791389,0
e5d64a2aea,0
e5fdf421a1,0
e62cc3f52d,0
e63a0991d5,0
e63ba604c4,0
e643e16a33,0
e659f781ee,0
e66b084eba,0
e6784c9c5b,0
e69bb6ca73,0
e6ddf7d21f,0
e6f52ddb72,0
e6f8434e55,0
e72c42736a,0
e7527c0183,0
e77514fa9d,0
e77611a140,0
e7a09512ea,0
e7be02fbab,0
e7d582936b,0
e7ed227dda,0
e7f271e490,0
e7feb2d438,0
e83222698a,0
e835ac232b,0
e849a8a057,0
e84a4d5380,0
e84aa09005,0
e8769e4043,0
e8827bc832,0
e8f48a2038,0
e904dc08db,0
e9147272b4,0
e92155faf2,0
e93456f706,0
e938a48293,0
e93981eb89,0
e93e2f83d6,0
e964212470,0
e9a25067ba,0
e9adb58e5f,0
e9b058f0f0,0
e9c1c14939,0
e9ca391fbe,0
e9fafd9af3,0
e9fb2fa04f,0
ea12c68da6,0
ea314f7c7f,0
ea4ee37cea,0
ea5c092532,0
ea68c33a0e,0
ea6937a76e,0
ea80fb83f5,0
ea9ad92591,0
ead48d81ae,0
eb05ac38b0,0
eb3f2d1468,0
eb46ed5de8,0
eb8cc8640f,0
eb8d9a0d4a,0
eb8e6e0b8a,0
eb942a7ad0,0
eb95aae3a3,0
eb9d14df6f,0
eba7ead66c,0
eba8908805,0
ebb5c4e58e,0
ebbca91b35,0
ebef3c7dad,0
ec27ab38b8,0
ec2fb1a42b,0
ec4a9e5599,0
ec55911833,0
ec5f9c51f9,0
eca8fc0255,0
ecb3bcbe7c,0
ecb7e859fe,0
ecc2ea758c,0
ecc84d1ead,0
eccbf3f0c2,0
ecd1737bb1,0
ece4d1d4bc,0
ecf703b922,0
ecfb64b43e,0
ed0a59bf6f,0
ed3d64a782,0
ed415f29eb,0
ed4f75e17e,0
ed898877d1,0
edb300a0c6,0
edc9216897,0
ee026cf4fd,0
ee0da7c735,0
ee12c800ac,0
ee2bfe0240,0
ee4cabf39a,0
ee4cf359a2,0
ee6a9c3cd3,0
ee86a9485e,0
eea3aa657e,0
eefc0c11f7,0
ef0e0b570d,0
ef0f2d97df,0
ef449747d5,0
ef481ba313,0
ef491c01dc,0
ef4b3908f1,0
ef521e71b8,0
ef77a03cae,0
ef85dc4cf0,0
efa6548f84,0
efbcadb481,0
efce4de15c,0
efea7102dd,0
f045946cb7,0
f0633e8b86,0
f066ef45be,0
f0b88c1c94,0
f0c3cf012a,0
f0c6966ef8,0
f0c9c19f47,0
f0d68a2c3a,0
f0d7632959,0
f0db14f93e,0
f0f3922d30,0
f13375e660,0
f16842c2d3,0
f1716e0716,0
f17c5539be,0
f193ecaa85,0
f1c78adac1,0
f1e1cbd5b8,0
f23939f747,0
f2bcc24bad,0
f2d096af76,0
f2db786fef,0
f2e6753aad,0
f2f5f3d673,0
f2f7bfb55a,0
f3103f4418,0
f31db080ea,0
f355185623,0
f371086cfb,0
f37a2afb5b,0
f389e1ad02,0
f40ce50235,0
f417d9657c,0
f439b7a428,0
f448b518f6,0
f48701d932,0
f49f7aab7a,0
f4a6b37b7c,0
f4f0625dbf,0
f51a494b10,0
f526e6c2dc,0
f52e44f960,0
f537c28b83,0
f5431c0d2c,0
f5d0bc1b0d,0
f5efd88c24,0
f62d2298d6,0
f63a24c964,0
f6663b4aad,0
f6d6caf753,0
f6f5806e2a,0
f70b438480,0
f70f6a5336,0
f73e93ed41,0
f7500b963a,0
f756a811de,0
f7a8c1442e,0
f7b9f874cb,0
f7c685315e,0
f7d6830beb,0
f7d7577dff,0
f81f9cead3,0
f82f19a681,0
f83888b84a,0
f876ebe60b,0
f88e532e4a,0
f8af98960f,0
f8b9fa402a,0
f90accfd37,0
f91da5124f,0
f96f608c5a,0
f97372fd50,0
f98a87f651,0
f9b563d232,0
f9f0be34b7,0
fa14635802,0
fa233440c7,0
fa3d9abeb9,0
fa44a921f8,0
fa65fcaf12,0
fa6da5cb9d,0
fab48de08f,0
fabf77ade7,0
faf72a780b,0
fb131f3cd5,0
fb29635668,0
fb45d8e754,0
fb643d300a,0
fb7987693e,0
fb7ec23a4c,0
fb8cd151ce,0
fbb8303f81,0
fbbc4ef116,0
fbbd320627,0
fbd6989cc2,0
fbe41e2659,0
fc01432146,0
fc7926f05e,0
fc7e44c6e0,0
fcb97ed460,0
fcbda0c85b,0
fccf003bed,0
fcf3215350,0
fcfac062ef,0
fd1085d949,0
fd2421b895,0
fda5468e31,0
fdbafdd468,0
fdd2dc5ce6,0
fdd8e5ab91,0
fdec2622ca,0
fe53259bf6,0
fe5625c304,0
fe6a637d8d,0
fe7152e183,0
fe78577b21,0
fea530ed89,0
feace2a064,0
fec9d967bd,0
fed6020461,0
ff06094492,0
ff377c193c,0
ff41dd8a8a,0
ff52c8f5f2,0
ff5d55d4b6,0
ff76657860,0
ff8afea074,0
ffa51e8c7e,0
ffca00e9d7,0
fffa0542df,0
